"id","parent_id:id","name"
"naf_01_11Z","l10n_eu_nace.nace_01_11","[01.11Z] Culture de céréales (à l'exception du riz), de légumineuses et de graines oléagineuses"
"naf_01_12Z","l10n_eu_nace.nace_01_12","[01.12Z] Culture du riz"
"naf_01_13Z","l10n_eu_nace.nace_01_13","[01.13Z] Culture de légumes, de melons, de racines et de tubercules"
"naf_01_14Z","l10n_eu_nace.nace_01_14","[01.14Z] Culture de la canne à sucre"
"naf_01_15Z","l10n_eu_nace.nace_01_15","[01.15Z] Culture du tabac"
"naf_01_16Z","l10n_eu_nace.nace_01_16","[01.16Z] Culture de plantes à fibres"
"naf_01_19Z","l10n_eu_nace.nace_01_19","[01.19Z] Autres cultures non permanentes"
"naf_01_21Z","l10n_eu_nace.nace_01_21","[01.21Z] Culture de la vigne"
"naf_01_22Z","l10n_eu_nace.nace_01_22","[01.22Z] Culture de fruits tropicaux et subtropicaux"
"naf_01_23Z","l10n_eu_nace.nace_01_23","[01.23Z] Culture d'agrumes"
"naf_01_24Z","l10n_eu_nace.nace_01_24","[01.24Z] Culture de fruits à pépins et à noyau"
"naf_01_25Z","l10n_eu_nace.nace_01_25","[01.25Z] Culture d'autres fruits d'arbres ou d'arbustes et de fruits à coque"
"naf_01_26Z","l10n_eu_nace.nace_01_26","[01.26Z] Culture de fruits oléagineux"
"naf_01_27Z","l10n_eu_nace.nace_01_27","[01.27Z] Culture de plantes à boissons"
"naf_01_28Z","l10n_eu_nace.nace_01_28","[01.28Z] Culture de plantes à épices, aromatiques, médicinales et pharmaceutiques"
"naf_01_29Z","l10n_eu_nace.nace_01_29","[01.29Z] Autres cultures permanentes"
"naf_01_30Z","l10n_eu_nace.nace_01_30","[01.30Z] Reproduction de plantes"
"naf_01_41Z","l10n_eu_nace.nace_01_41","[01.41Z] Élevage de vaches laitières"
"naf_01_42Z","l10n_eu_nace.nace_01_42","[01.42Z] Élevage d'autres bovins et de buffles"
"naf_01_43Z","l10n_eu_nace.nace_01_43","[01.43Z] Élevage de chevaux et d'autres équidés"
"naf_01_44Z","l10n_eu_nace.nace_01_44","[01.44Z] Élevage de chameaux et d'autres camélidés"
"naf_01_45Z","l10n_eu_nace.nace_01_45","[01.45Z] Élevage d'ovins et de caprins"
"naf_01_46Z","l10n_eu_nace.nace_01_46","[01.46Z] Élevage de porcins"
"naf_01_47Z","l10n_eu_nace.nace_01_47","[01.47Z] Élevage de volailles"
"naf_01_49Z","l10n_eu_nace.nace_01_49","[01.49Z] Élevage d'autres animaux"
"naf_01_50Z","l10n_eu_nace.nace_01_50","[01.50Z] Culture et élevage associés"
"naf_01_61Z","l10n_eu_nace.nace_01_61","[01.61Z] Activités de soutien aux cultures"
"naf_01_62Z","l10n_eu_nace.nace_01_62","[01.62Z] Activités de soutien à la production animale"
"naf_01_63Z","l10n_eu_nace.nace_01_63","[01.63Z] Traitement primaire des récoltes"
"naf_01_64Z","l10n_eu_nace.nace_01_64","[01.64Z] Traitement des semences"
"naf_01_70Z","l10n_eu_nace.nace_01_70","[01.70Z] Chasse, piégeage et services annexes"
"naf_02_10Z","l10n_eu_nace.nace_02_10","[02.10Z] Sylviculture et autres activités forestières"
"naf_02_20Z","l10n_eu_nace.nace_02_20","[02.20Z] Exploitation forestière"
"naf_02_30Z","l10n_eu_nace.nace_02_30","[02.30Z] Récolte de produits forestiers non ligneux poussant à l'état sauvage"
"naf_02_40Z","l10n_eu_nace.nace_02_40","[02.40Z] Services de soutien à l'exploitation forestière"
"naf_03_11Z","l10n_eu_nace.nace_03_11","[03.11Z] Pêche en mer"
"naf_03_12Z","l10n_eu_nace.nace_03_12","[03.12Z] Pêche en eau douce"
"naf_03_21Z","l10n_eu_nace.nace_03_21","[03.21Z] Aquaculture en mer"
"naf_03_22Z","l10n_eu_nace.nace_03_22","[03.22Z] Aquaculture en eau douce"
"naf_05_10Z","l10n_eu_nace.nace_05_10","[05.10Z] Extraction de houille"
"naf_05_20Z","l10n_eu_nace.nace_05_20","[05.20Z] Extraction de lignite"
"naf_06_10Z","l10n_eu_nace.nace_06_10","[06.10Z] Extraction de pétrole brut"
"naf_06_20Z","l10n_eu_nace.nace_06_20","[06.20Z] Extraction de gaz naturel"
"naf_07_10Z","l10n_eu_nace.nace_07_10","[07.10Z] Extraction de minerais de fer"
"naf_07_21Z","l10n_eu_nace.nace_07_21","[07.21Z] Extraction de minerais d'uranium et de thorium"
"naf_07_29Z","l10n_eu_nace.nace_07_29","[07.29Z] Extraction d'autres minerais de métaux non ferreux"
"naf_08_11Z","l10n_eu_nace.nace_08_11","[08.11Z] Extraction de pierres ornementales et de construction, de calcaire industriel, de gypse, de craie et d'ardoise"
"naf_08_12Z","l10n_eu_nace.nace_08_12","[08.12Z] Exploitation de gravières et sablières, extraction d'argiles et de kaolin"
"naf_08_91Z","l10n_eu_nace.nace_08_91","[08.91Z] Extraction des minéraux chimiques et d'engrais minéraux"
"naf_08_92Z","l10n_eu_nace.nace_08_92","[08.92Z] Extraction de tourbe"
"naf_08_93Z","l10n_eu_nace.nace_08_93","[08.93Z] Production de sel"
"naf_08_99Z","l10n_eu_nace.nace_08_99","[08.99Z] Autres activités extractives n.c.a."
"naf_09_10Z","l10n_eu_nace.nace_09_10","[09.10Z] Activités de soutien à l'extraction d'hydrocarbures"
"naf_09_90Z","l10n_eu_nace.nace_09_90","[09.90Z] Activités de soutien aux autres industries extractives"
"naf_10_11Z","l10n_eu_nace.nace_10_11","[10.11Z] Transformation et conservation de la viande de boucherie"
"naf_10_12Z","l10n_eu_nace.nace_10_12","[10.12Z] Transformation et conservation de la viande de volaille"
"naf_10_13A","l10n_eu_nace.nace_10_13","[10.13A] Préparation industrielle de produits à base de viande"
"naf_10_13B","l10n_eu_nace.nace_10_13","[10.13B] Charcuterie"
"naf_10_20Z","l10n_eu_nace.nace_10_20","[10.20Z] Transformation et conservation de poisson, de crustacés et de mollusques"
"naf_10_31Z","l10n_eu_nace.nace_10_31","[10.31Z] Transformation et conservation de pommes de terre"
"naf_10_32Z","l10n_eu_nace.nace_10_32","[10.32Z] Préparation de jus de fruits et légumes"
"naf_10_39A","l10n_eu_nace.nace_10_39","[10.39A] Autre transformation et conservation de légumes"
"naf_10_39B","l10n_eu_nace.nace_10_39","[10.39B] Transformation et conservation de fruits"
"naf_10_41A","l10n_eu_nace.nace_10_41","[10.41A] Fabrication d'huiles et graisses brutes"
"naf_10_41B","l10n_eu_nace.nace_10_41","[10.41B] Fabrication d'huiles et graisses raffinées"
"naf_10_42Z","l10n_eu_nace.nace_10_42","[10.42Z] Fabrication de margarine et graisses comestibles similaires"
"naf_10_51A","l10n_eu_nace.nace_10_51","[10.51A] Fabrication de lait liquide et de produits frais"
"naf_10_51B","l10n_eu_nace.nace_10_51","[10.51B] Fabrication de beurre"
"naf_10_51C","l10n_eu_nace.nace_10_51","[10.51C] Fabrication de fromage"
"naf_10_51D","l10n_eu_nace.nace_10_51","[10.51D] Fabrication d'autres produits laitiers"
"naf_10_52Z","l10n_eu_nace.nace_10_52","[10.52Z] Fabrication de glaces et sorbets"
"naf_10_61A","l10n_eu_nace.nace_10_61","[10.61A] Meunerie"
"naf_10_61B","l10n_eu_nace.nace_10_61","[10.61B] Autres activités du travail des grains"
"naf_10_62Z","l10n_eu_nace.nace_10_62","[10.62Z] Fabrication de produits amylacés"
"naf_10_71A","l10n_eu_nace.nace_10_71","[10.71A] Fabrication industrielle de pain et de pâtisserie fraîche"
"naf_10_71B","l10n_eu_nace.nace_10_71","[10.71B] Cuisson de produits de boulangerie"
"naf_10_71C","l10n_eu_nace.nace_10_71","[10.71C] Boulangerie et boulangerie-pâtisserie"
"naf_10_71D","l10n_eu_nace.nace_10_71","[10.71D] Pâtisserie"
"naf_10_72Z","l10n_eu_nace.nace_10_72","[10.72Z] Fabrication de biscuits, biscottes et pâtisseries de conservation"
"naf_10_73Z","l10n_eu_nace.nace_10_73","[10.73Z] Fabrication de pâtes alimentaires"
"naf_10_81Z","l10n_eu_nace.nace_10_81","[10.81Z] Fabrication de sucre"
"naf_10_82Z","l10n_eu_nace.nace_10_82","[10.82Z] Fabrication de cacao, chocolat et de produits de confiserie"
"naf_10_83Z","l10n_eu_nace.nace_10_83","[10.83Z] Transformation du thé et du café"
"naf_10_84Z","l10n_eu_nace.nace_10_84","[10.84Z] Fabrication de condiments et assaisonnements"
"naf_10_85Z","l10n_eu_nace.nace_10_85","[10.85Z] Fabrication de plats préparés"
"naf_10_86Z","l10n_eu_nace.nace_10_86","[10.86Z] Fabrication d'aliments homogénéisés et diététiques"
"naf_10_89Z","l10n_eu_nace.nace_10_89","[10.89Z] Fabrication d'autres produits alimentaires n.c.a."
"naf_10_91Z","l10n_eu_nace.nace_10_91","[10.91Z] Fabrication d'aliments pour animaux de ferme"
"naf_10_92Z","l10n_eu_nace.nace_10_92","[10.92Z] Fabrication d'aliments pour animaux de compagnie"
"naf_11_01Z","l10n_eu_nace.nace_11_01","[11.01Z] Production de boissons alcooliques distillées"
"naf_11_02A","l10n_eu_nace.nace_11_02","[11.02A] Fabrication de vins effervescents"
"naf_11_02B","l10n_eu_nace.nace_11_02","[11.02B] Vinification"
"naf_11_03Z","l10n_eu_nace.nace_11_03","[11.03Z] Fabrication de cidre et de vins de fruits"
"naf_11_04Z","l10n_eu_nace.nace_11_04","[11.04Z] Production d'autres boissons fermentées non distillées"
"naf_11_05Z","l10n_eu_nace.nace_11_05","[11.05Z] Fabrication de bière"
"naf_11_06Z","l10n_eu_nace.nace_11_06","[11.06Z] Fabrication de malt"
"naf_11_07A","l10n_eu_nace.nace_11_07","[11.07A] Industrie des eaux de table"
"naf_11_07B","l10n_eu_nace.nace_11_07","[11.07B] Production de boissons rafraîchissantes"
"naf_12_00Z","l10n_eu_nace.nace_12_00","[12.00Z] Fabrication de produits à base de tabac"
"naf_13_10Z","l10n_eu_nace.nace_13_10","[13.10Z] Préparation de fibres textiles et filature"
"naf_13_20Z","l10n_eu_nace.nace_13_20","[13.20Z] Tissage"
"naf_13_30Z","l10n_eu_nace.nace_13_30","[13.30Z] Ennoblissement textile"
"naf_13_91Z","l10n_eu_nace.nace_13_91","[13.91Z] Fabrication d'étoffes à mailles"
"naf_13_92Z","l10n_eu_nace.nace_13_92","[13.92Z] Fabrication d'articles textiles, sauf habillement"
"naf_13_93Z","l10n_eu_nace.nace_13_93","[13.93Z] Fabrication de tapis et moquettes"
"naf_13_94Z","l10n_eu_nace.nace_13_94","[13.94Z] Fabrication de ficelles, cordes et filets"
"naf_13_95Z","l10n_eu_nace.nace_13_95","[13.95Z] Fabrication de non-tissés, sauf habillement"
"naf_13_96Z","l10n_eu_nace.nace_13_96","[13.96Z] Fabrication d'autres textiles techniques et industriels"
"naf_13_99Z","l10n_eu_nace.nace_13_99","[13.99Z] Fabrication d'autres textiles n.c.a."
"naf_14_11Z","l10n_eu_nace.nace_14_11","[14.11Z] Fabrication de vêtements en cuir"
"naf_14_12Z","l10n_eu_nace.nace_14_12","[14.12Z] Fabrication de vêtements de travail"
"naf_14_13Z","l10n_eu_nace.nace_14_13","[14.13Z] Fabrication de vêtements de dessus"
"naf_14_14Z","l10n_eu_nace.nace_14_14","[14.14Z] Fabrication de vêtements de dessous"
"naf_14_19Z","l10n_eu_nace.nace_14_19","[14.19Z] Fabrication d'autres vêtements et accessoires"
"naf_14_20Z","l10n_eu_nace.nace_14_20","[14.20Z] Fabrication d'articles en fourrure"
"naf_14_31Z","l10n_eu_nace.nace_14_31","[14.31Z] Fabrication d'articles chaussants à mailles"
"naf_14_39Z","l10n_eu_nace.nace_14_39","[14.39Z] Fabrication d'autres articles à mailles"
"naf_15_11Z","l10n_eu_nace.nace_15_11","[15.11Z] Apprêt et tannage des cuirs ; préparation et teinture des fourrures"
"naf_15_12Z","l10n_eu_nace.nace_15_12","[15.12Z] Fabrication d'articles de voyage, de maroquinerie et de sellerie"
"naf_15_20Z","l10n_eu_nace.nace_15_20","[15.20Z] Fabrication de chaussures"
"naf_16_10A","l10n_eu_nace.nace_16_10","[16.10A] Sciage et rabotage du bois, hors imprégnation"
"naf_16_10B","l10n_eu_nace.nace_16_10","[16.10B] Imprégnation du bois"
"naf_16_21Z","l10n_eu_nace.nace_16_21","[16.21Z] Fabrication de placage et de panneaux de bois"
"naf_16_22Z","l10n_eu_nace.nace_16_22","[16.22Z] Fabrication de parquets assemblés"
"naf_16_23Z","l10n_eu_nace.nace_16_23","[16.23Z] Fabrication de charpentes et d'autres menuiseries"
"naf_16_24Z","l10n_eu_nace.nace_16_24","[16.24Z] Fabrication d'emballages en bois"
"naf_16_29Z","l10n_eu_nace.nace_16_29","[16.29Z] Fabrication d'objets divers en bois ; fabrication d'objets en liège, vannerie et sparterie"
"naf_17_11Z","l10n_eu_nace.nace_17_11","[17.11Z] Fabrication de pâte à papier"
"naf_17_12Z","l10n_eu_nace.nace_17_12","[17.12Z] Fabrication de papier et de carton"
"naf_17_21A","l10n_eu_nace.nace_17_21","[17.21A] Fabrication de carton ondulé"
"naf_17_21B","l10n_eu_nace.nace_17_21","[17.21B] Fabrication de cartonnages"
"naf_17_21C","l10n_eu_nace.nace_17_21","[17.21C] Fabrication d'emballages en papier"
"naf_17_22Z","l10n_eu_nace.nace_17_22","[17.22Z] Fabrication d'articles en papier à usage sanitaire ou domestique"
"naf_17_23Z","l10n_eu_nace.nace_17_23","[17.23Z] Fabrication d'articles de papeterie"
"naf_17_24Z","l10n_eu_nace.nace_17_24","[17.24Z] Fabrication de papiers peints"
"naf_17_29Z","l10n_eu_nace.nace_17_29","[17.29Z] Fabrication d'autres articles en papier ou en carton"
"naf_18_11Z","l10n_eu_nace.nace_18_11","[18.11Z] Imprimerie de journaux"
"naf_18_12Z","l10n_eu_nace.nace_18_12","[18.12Z] Autre imprimerie (labeur)"
"naf_18_13Z","l10n_eu_nace.nace_18_13","[18.13Z] Activités de pré-presse"
"naf_18_14Z","l10n_eu_nace.nace_18_14","[18.14Z] Reliure et activités connexes"
"naf_18_20Z","l10n_eu_nace.nace_18_20","[18.20Z] Reproduction d'enregistrements"
"naf_19_10Z","l10n_eu_nace.nace_19_10","[19.10Z] Cokéfaction"
"naf_19_20Z","l10n_eu_nace.nace_19_20","[19.20Z] Raffinage du pétrole"
"naf_20_11Z","l10n_eu_nace.nace_20_11","[20.11Z] Fabrication de gaz industriels"
"naf_20_12Z","l10n_eu_nace.nace_20_12","[20.12Z] Fabrication de colorants et de pigments"
"naf_20_13A","l10n_eu_nace.nace_20_13","[20.13A] Enrichissement et retraitement de matières nucléaires"
"naf_20_13B","l10n_eu_nace.nace_20_13","[20.13B] Fabrication d'autres produits chimiques inorganiques de base n.c.a."
"naf_20_14Z","l10n_eu_nace.nace_20_14","[20.14Z] Fabrication d'autres produits chimiques organiques de base"
"naf_20_15Z","l10n_eu_nace.nace_20_15","[20.15Z] Fabrication de produits azotés et d'engrais"
"naf_20_16Z","l10n_eu_nace.nace_20_16","[20.16Z] Fabrication de matières plastiques de base"
"naf_20_17Z","l10n_eu_nace.nace_20_17","[20.17Z] Fabrication de caoutchouc synthétique"
"naf_20_20Z","l10n_eu_nace.nace_20_20","[20.20Z] Fabrication de pesticides et d'autres produits agrochimiques"
"naf_20_30Z","l10n_eu_nace.nace_20_30","[20.30Z] Fabrication de peintures, vernis, encres et mastics"
"naf_20_41Z","l10n_eu_nace.nace_20_41","[20.41Z] Fabrication de savons, détergents et produits d'entretien"
"naf_20_42Z","l10n_eu_nace.nace_20_42","[20.42Z] Fabrication de parfums et de produits pour la toilette"
"naf_20_51Z","l10n_eu_nace.nace_20_51","[20.51Z] Fabrication de produits explosifs"
"naf_20_52Z","l10n_eu_nace.nace_20_52","[20.52Z] Fabrication de colles"
"naf_20_53Z","l10n_eu_nace.nace_20_53","[20.53Z] Fabrication d'huiles essentielles"
"naf_20_59Z","l10n_eu_nace.nace_20_59","[20.59Z] Fabrication d'autres produits chimiques n.c.a."
"naf_20_60Z","l10n_eu_nace.nace_20_60","[20.60Z] Fabrication de fibres artificielles ou synthétiques"
"naf_21_10Z","l10n_eu_nace.nace_21_10","[21.10Z] Fabrication de produits pharmaceutiques de base"
"naf_21_20Z","l10n_eu_nace.nace_21_20","[21.20Z] Fabrication de préparations pharmaceutiques"
"naf_22_11Z","l10n_eu_nace.nace_22_11","[22.11Z] Fabrication et rechapage de pneumatiques"
"naf_22_19Z","l10n_eu_nace.nace_22_19","[22.19Z] Fabrication d'autres articles en caoutchouc"
"naf_22_21Z","l10n_eu_nace.nace_22_21","[22.21Z] Fabrication de plaques, feuilles, tubes et profilés en matières plastiques"
"naf_22_22Z","l10n_eu_nace.nace_22_22","[22.22Z] Fabrication d'emballages en matières plastiques"
"naf_22_23Z","l10n_eu_nace.nace_22_23","[22.23Z] Fabrication d'éléments en matières plastiques pour la construction"
"naf_22_29A","l10n_eu_nace.nace_22_29","[22.29A] Fabrication de pièces techniques à base de matières plastiques"
"naf_22_29B","l10n_eu_nace.nace_22_29","[22.29B] Fabrication de produits de consommation courante en matières plastiques"
"naf_23_11Z","l10n_eu_nace.nace_23_11","[23.11Z] Fabrication de verre plat"
"naf_23_12Z","l10n_eu_nace.nace_23_12","[23.12Z] Façonnage et transformation du verre plat"
"naf_23_13Z","l10n_eu_nace.nace_23_13","[23.13Z] Fabrication de verre creux"
"naf_23_14Z","l10n_eu_nace.nace_23_14","[23.14Z] Fabrication de fibres de verre"
"naf_23_19Z","l10n_eu_nace.nace_23_19","[23.19Z] Fabrication et façonnage d'autres articles en verre, y compris verre technique"
"naf_23_20Z","l10n_eu_nace.nace_23_20","[23.20Z] Fabrication de produits réfractaires"
"naf_23_31Z","l10n_eu_nace.nace_23_31","[23.31Z] Fabrication de carreaux en céramique"
"naf_23_32Z","l10n_eu_nace.nace_23_32","[23.32Z] Fabrication de briques, tuiles et produits de construction, en terre cuite"
"naf_23_41Z","l10n_eu_nace.nace_23_41","[23.41Z] Fabrication d'articles céramiques à usage domestique ou ornemental"
"naf_23_42Z","l10n_eu_nace.nace_23_42","[23.42Z] Fabrication d'appareils sanitaires en céramique"
"naf_23_43Z","l10n_eu_nace.nace_23_43","[23.43Z] Fabrication d'isolateurs et pièces isolantes en céramique"
"naf_23_44Z","l10n_eu_nace.nace_23_44","[23.44Z] Fabrication d'autres produits céramiques à usage technique"
"naf_23_49Z","l10n_eu_nace.nace_23_49","[23.49Z] Fabrication d'autres produits céramiques"
"naf_23_51Z","l10n_eu_nace.nace_23_51","[23.51Z] Fabrication de ciment"
"naf_23_52Z","l10n_eu_nace.nace_23_52","[23.52Z] Fabrication de chaux et plâtre"
"naf_23_61Z","l10n_eu_nace.nace_23_61","[23.61Z] Fabrication d'éléments en béton pour la construction"
"naf_23_62Z","l10n_eu_nace.nace_23_62","[23.62Z] Fabrication d'éléments en plâtre pour la construction"
"naf_23_63Z","l10n_eu_nace.nace_23_63","[23.63Z] Fabrication de béton prêt à l'emploi"
"naf_23_64Z","l10n_eu_nace.nace_23_64","[23.64Z] Fabrication de mortiers et bétons secs"
"naf_23_65Z","l10n_eu_nace.nace_23_65","[23.65Z] Fabrication d'ouvrages en fibre-ciment"
"naf_23_69Z","l10n_eu_nace.nace_23_69","[23.69Z] Fabrication d'autres ouvrages en béton, en ciment ou en plâtre"
"naf_23_70Z","l10n_eu_nace.nace_23_70","[23.70Z] Taille, façonnage et finissage de pierres"
"naf_23_91Z","l10n_eu_nace.nace_23_91","[23.91Z] Fabrication de produits abrasifs"
"naf_23_99Z","l10n_eu_nace.nace_23_99","[23.99Z] Fabrication d'autres produits minéraux non métalliques n.c.a."
"naf_24_10Z","l10n_eu_nace.nace_24_10","[24.10Z] Sidérurgie"
"naf_24_20Z","l10n_eu_nace.nace_24_20","[24.20Z] Fabrication de tubes, tuyaux, profilés creux et accessoires correspondants en acier"
"naf_24_31Z","l10n_eu_nace.nace_24_31","[24.31Z] Étirage à froid de barres"
"naf_24_32Z","l10n_eu_nace.nace_24_32","[24.32Z] Laminage à froid de feuillards"
"naf_24_33Z","l10n_eu_nace.nace_24_33","[24.33Z] Profilage à froid par formage ou pliage"
"naf_24_34Z","l10n_eu_nace.nace_24_34","[24.34Z] Tréfilage à froid"
"naf_24_41Z","l10n_eu_nace.nace_24_41","[24.41Z] Production de métaux précieux"
"naf_24_42Z","l10n_eu_nace.nace_24_42","[24.42Z] Métallurgie de l'aluminium"
"naf_24_43Z","l10n_eu_nace.nace_24_43","[24.43Z] Métallurgie du plomb, du zinc ou de l'étain"
"naf_24_44Z","l10n_eu_nace.nace_24_44","[24.44Z] Métallurgie du cuivre"
"naf_24_45Z","l10n_eu_nace.nace_24_45","[24.45Z] Métallurgie des autres métaux non ferreux"
"naf_24_46Z","l10n_eu_nace.nace_24_46","[24.46Z] Élaboration et transformation de matières nucléaires"
"naf_24_51Z","l10n_eu_nace.nace_24_51","[24.51Z] Fonderie de fonte"
"naf_24_52Z","l10n_eu_nace.nace_24_52","[24.52Z] Fonderie d'acier"
"naf_24_53Z","l10n_eu_nace.nace_24_53","[24.53Z] Fonderie de métaux légers"
"naf_24_54Z","l10n_eu_nace.nace_24_54","[24.54Z] Fonderie d'autres métaux non ferreux"
"naf_25_11Z","l10n_eu_nace.nace_25_11","[25.11Z] Fabrication de structures métalliques et de parties de structures"
"naf_25_12Z","l10n_eu_nace.nace_25_12","[25.12Z] Fabrication de portes et fenêtres en métal"
"naf_25_21Z","l10n_eu_nace.nace_25_21","[25.21Z] Fabrication de radiateurs et de chaudières pour le chauffage central"
"naf_25_29Z","l10n_eu_nace.nace_25_29","[25.29Z] Fabrication d'autres réservoirs, citernes et conteneurs métalliques"
"naf_25_30Z","l10n_eu_nace.nace_25_30","[25.30Z] Fabrication de générateurs de vapeur, à l'exception des chaudières pour le chauffage central"
"naf_25_40Z","l10n_eu_nace.nace_25_40","[25.40Z] Fabrication d'armes et de munitions"
"naf_25_50A","l10n_eu_nace.nace_25_50","[25.50A] Forge, estampage, matriçage ; métallurgie des poudres"
"naf_25_50B","l10n_eu_nace.nace_25_50","[25.50B] Découpage, emboutissage"
"naf_25_61Z","l10n_eu_nace.nace_25_61","[25.61Z] Traitement et revêtement des métaux"
"naf_25_62A","l10n_eu_nace.nace_25_62","[25.62A] Décolletage"
"naf_25_62B","l10n_eu_nace.nace_25_62","[25.62B] Mécanique industrielle"
"naf_25_71Z","l10n_eu_nace.nace_25_71","[25.71Z] Fabrication de coutellerie"
"naf_25_72Z","l10n_eu_nace.nace_25_72","[25.72Z] Fabrication de serrures et de ferrures"
"naf_25_73A","l10n_eu_nace.nace_25_73","[25.73A] Fabrication de moules et modèles"
"naf_25_73B","l10n_eu_nace.nace_25_73","[25.73B] Fabrication d'autres outillages"
"naf_25_91Z","l10n_eu_nace.nace_25_91","[25.91Z] Fabrication de fûts et emballages métalliques similaires"
"naf_25_92Z","l10n_eu_nace.nace_25_92","[25.92Z] Fabrication d'emballages métalliques légers"
"naf_25_93Z","l10n_eu_nace.nace_25_93","[25.93Z] Fabrication d'articles en fils métalliques, de chaînes et de ressorts"
"naf_25_94Z","l10n_eu_nace.nace_25_94","[25.94Z] Fabrication de vis et de boulons"
"naf_25_99A","l10n_eu_nace.nace_25_99","[25.99A] Fabrication d'articles métalliques ménagers"
"naf_25_99B","l10n_eu_nace.nace_25_99","[25.99B] Fabrication d'autres articles métalliques"
"naf_26_11Z","l10n_eu_nace.nace_26_11","[26.11Z] Fabrication de composants électroniques"
"naf_26_12Z","l10n_eu_nace.nace_26_12","[26.12Z] Fabrication de cartes électroniques assemblées"
"naf_26_20Z","l10n_eu_nace.nace_26_20","[26.20Z] Fabrication d'ordinateurs et d'équipements périphériques"
"naf_26_30Z","l10n_eu_nace.nace_26_30","[26.30Z] Fabrication d'équipements de communication"
"naf_26_40Z","l10n_eu_nace.nace_26_40","[26.40Z] Fabrication de produits électroniques grand public"
"naf_26_51A","l10n_eu_nace.nace_26_51","[26.51A] Fabrication d'équipements d'aide à la navigation"
"naf_26_51B","l10n_eu_nace.nace_26_51","[26.51B] Fabrication d'instrumentation scientifique et technique"
"naf_26_52Z","l10n_eu_nace.nace_26_52","[26.52Z] Horlogerie"
"naf_26_60Z","l10n_eu_nace.nace_26_60","[26.60Z] Fabrication d'équipements d'irradiation médicale, d'équipements électromédicaux et électrothérapeutiques"
"naf_26_70Z","l10n_eu_nace.nace_26_70","[26.70Z] Fabrication de matériels optique et photographique"
"naf_26_80Z","l10n_eu_nace.nace_26_80","[26.80Z] Fabrication de supports magnétiques et optiques"
"naf_27_11Z","l10n_eu_nace.nace_27_11","[27.11Z] Fabrication de moteurs, génératrices et transformateurs électriques"
"naf_27_12Z","l10n_eu_nace.nace_27_12","[27.12Z] Fabrication de matériel de distribution et de commande électrique"
"naf_27_20Z","l10n_eu_nace.nace_27_20","[27.20Z] Fabrication de piles et d'accumulateurs électriques"
"naf_27_31Z","l10n_eu_nace.nace_27_31","[27.31Z] Fabrication de câbles de fibres optiques"
"naf_27_32Z","l10n_eu_nace.nace_27_32","[27.32Z] Fabrication d'autres fils et câbles électroniques ou électriques"
"naf_27_33Z","l10n_eu_nace.nace_27_33","[27.33Z] Fabrication de matériel d'installation électrique"
"naf_27_40Z","l10n_eu_nace.nace_27_40","[27.40Z] Fabrication d'appareils d'éclairage électrique"
"naf_27_51Z","l10n_eu_nace.nace_27_51","[27.51Z] Fabrication d'appareils électroménagers"
"naf_27_52Z","l10n_eu_nace.nace_27_52","[27.52Z] Fabrication d'appareils ménagers non électriques"
"naf_27_90Z","l10n_eu_nace.nace_27_90","[27.90Z] Fabrication d'autres matériels électriques"
"naf_28_11Z","l10n_eu_nace.nace_28_11","[28.11Z] Fabrication de moteurs et turbines, à l'exception des moteurs d'avions et de véhicules"
"naf_28_12Z","l10n_eu_nace.nace_28_12","[28.12Z] Fabrication d'équipements hydrauliques et pneumatiques"
"naf_28_13Z","l10n_eu_nace.nace_28_13","[28.13Z] Fabrication d'autres pompes et compresseurs"
"naf_28_14Z","l10n_eu_nace.nace_28_14","[28.14Z] Fabrication d'autres articles de robinetterie"
"naf_28_15Z","l10n_eu_nace.nace_28_15","[28.15Z] Fabrication d'engrenages et d'organes mécaniques de transmission"
"naf_28_21Z","l10n_eu_nace.nace_28_21","[28.21Z] Fabrication de fours et brûleurs"
"naf_28_22Z","l10n_eu_nace.nace_28_22","[28.22Z] Fabrication de matériel de levage et de manutention"
"naf_28_23Z","l10n_eu_nace.nace_28_23","[28.23Z] Fabrication de machines et d'équipements de bureau (à l'exception des ordinateurs et équipements périphériques)"
"naf_28_24Z","l10n_eu_nace.nace_28_24","[28.24Z] Fabrication d'outillage portatif à moteur incorporé"
"naf_28_25Z","l10n_eu_nace.nace_28_25","[28.25Z] Fabrication d'équipements aérauliques et frigorifiques industriels"
"naf_28_29A","l10n_eu_nace.nace_28_29","[28.29A] Fabrication d'équipements d'emballage, de conditionnement et de pesage"
"naf_28_29B","l10n_eu_nace.nace_28_29","[28.29B] Fabrication d'autres machines d'usage général"
"naf_28_30Z","l10n_eu_nace.nace_28_30","[28.30Z] Fabrication de machines agricoles et forestières"
"naf_28_41Z","l10n_eu_nace.nace_28_41","[28.41Z] Fabrication de machines-outils pour le travail des métaux"
"naf_28_49Z","l10n_eu_nace.nace_28_49","[28.49Z] Fabrication d'autres machines-outils"
"naf_28_91Z","l10n_eu_nace.nace_28_91","[28.91Z] Fabrication de machines pour la métallurgie"
"naf_28_92Z","l10n_eu_nace.nace_28_92","[28.92Z] Fabrication de machines pour l'extraction ou la construction"
"naf_28_93Z","l10n_eu_nace.nace_28_93","[28.93Z] Fabrication de machines pour l'industrie agro-alimentaire"
"naf_28_94Z","l10n_eu_nace.nace_28_94","[28.94Z] Fabrication de machines pour les industries textiles"
"naf_28_95Z","l10n_eu_nace.nace_28_95","[28.95Z] Fabrication de machines pour les industries du papier et du carton"
"naf_28_96Z","l10n_eu_nace.nace_28_96","[28.96Z] Fabrication de machines pour le travail du caoutchouc ou des plastiques"
"naf_28_99A","l10n_eu_nace.nace_28_99","[28.99A] Fabrication de machines d'imprimerie"
"naf_28_99B","l10n_eu_nace.nace_28_99","[28.99B] Fabrication d'autres machines spécialisées"
"naf_29_10Z","l10n_eu_nace.nace_29_10","[29.10Z] Construction de véhicules automobiles"
"naf_29_20Z","l10n_eu_nace.nace_29_20","[29.20Z] Fabrication de carrosseries et remorques"
"naf_29_31Z","l10n_eu_nace.nace_29_31","[29.31Z] Fabrication d'équipements électriques et électroniques automobiles"
"naf_29_32Z","l10n_eu_nace.nace_29_32","[29.32Z] Fabrication d'autres équipements automobiles"
"naf_30_11Z","l10n_eu_nace.nace_30_11","[30.11Z] Construction de navires et de structures flottantes"
"naf_30_12Z","l10n_eu_nace.nace_30_12","[30.12Z] Construction de bateaux de plaisance"
"naf_30_20Z","l10n_eu_nace.nace_30_20","[30.20Z] Construction de locomotives et d'autre matériel ferroviaire roulant"
"naf_30_30Z","l10n_eu_nace.nace_30_30","[30.30Z] Construction aéronautique et spatiale"
"naf_30_40Z","l10n_eu_nace.nace_30_40","[30.40Z] Construction de véhicules militaires de combat"
"naf_30_91Z","l10n_eu_nace.nace_30_91","[30.91Z] Fabrication de motocycles"
"naf_30_92Z","l10n_eu_nace.nace_30_92","[30.92Z] Fabrication de bicyclettes et de véhicules pour invalides"
"naf_30_99Z","l10n_eu_nace.nace_30_99","[30.99Z] Fabrication d'autres équipements de transport n.c.a."
"naf_31_01Z","l10n_eu_nace.nace_31_01","[31.01Z] Fabrication de meubles de bureau et de magasin"
"naf_31_02Z","l10n_eu_nace.nace_31_02","[31.02Z] Fabrication de meubles de cuisine"
"naf_31_03Z","l10n_eu_nace.nace_31_03","[31.03Z] Fabrication de matelas"
"naf_31_09A","l10n_eu_nace.nace_31_09","[31.09A] Fabrication de sièges d'ameublement d'intérieur"
"naf_31_09B","l10n_eu_nace.nace_31_09","[31.09B] Fabrication d'autres meubles et industries connexes de l'ameublement"
"naf_32_11Z","l10n_eu_nace.nace_32_11","[32.11Z] Frappe de monnaie"
"naf_32_12Z","l10n_eu_nace.nace_32_12","[32.12Z] Fabrication d'articles de joaillerie et bijouterie"
"naf_32_13Z","l10n_eu_nace.nace_32_13","[32.13Z] Fabrication d'articles de bijouterie fantaisie et articles similaires"
"naf_32_20Z","l10n_eu_nace.nace_32_20","[32.20Z] Fabrication d'instruments de musique"
"naf_32_30Z","l10n_eu_nace.nace_32_30","[32.30Z] Fabrication d'articles de sport"
"naf_32_40Z","l10n_eu_nace.nace_32_40","[32.40Z] Fabrication de jeux et jouets"
"naf_32_50A","l10n_eu_nace.nace_32_50","[32.50A] Fabrication de matériel médico-chirurgical et dentaire"
"naf_32_50B","l10n_eu_nace.nace_32_50","[32.50B] Fabrication de lunettes"
"naf_32_91Z","l10n_eu_nace.nace_32_91","[32.91Z] Fabrication d'articles de brosserie"
"naf_32_99Z","l10n_eu_nace.nace_32_99","[32.99Z] Autres activités manufacturières n.c.a."
"naf_33_11Z","l10n_eu_nace.nace_33_11","[33.11Z] Réparation d'ouvrages en métaux"
"naf_33_12Z","l10n_eu_nace.nace_33_12","[33.12Z] Réparation de machines et équipements mécaniques"
"naf_33_13Z","l10n_eu_nace.nace_33_13","[33.13Z] Réparation de matériels électroniques et optiques"
"naf_33_14Z","l10n_eu_nace.nace_33_14","[33.14Z] Réparation d'équipements électriques"
"naf_33_15Z","l10n_eu_nace.nace_33_15","[33.15Z] Réparation et maintenance navale"
"naf_33_16Z","l10n_eu_nace.nace_33_16","[33.16Z] Réparation et maintenance d'aéronefs et d'engins spatiaux"
"naf_33_17Z","l10n_eu_nace.nace_33_17","[33.17Z] Réparation et maintenance d'autres équipements de transport"
"naf_33_19Z","l10n_eu_nace.nace_33_19","[33.19Z] Réparation d'autres équipements"
"naf_33_20A","l10n_eu_nace.nace_33_20","[33.20A] Installation de structures métalliques, chaudronnées et de tuyauterie"
"naf_33_20B","l10n_eu_nace.nace_33_20","[33.20B] Installation de machines et équipements mécaniques"
"naf_33_20C","l10n_eu_nace.nace_33_20","[33.20C] Conception d'ensemble et assemblage sur site industriel d'équipements de contrôle des processus industriels"
"naf_33_20D","l10n_eu_nace.nace_33_20","[33.20D] Installation d'équipements électriques, de matériels électroniques et optiques ou d'autres matériels"
"naf_35_11Z","l10n_eu_nace.nace_35_11","[35.11Z] Production d'électricité"
"naf_35_12Z","l10n_eu_nace.nace_35_12","[35.12Z] Transport d'électricité"
"naf_35_13Z","l10n_eu_nace.nace_35_13","[35.13Z] Distribution d'électricité"
"naf_35_14Z","l10n_eu_nace.nace_35_14","[35.14Z] Commerce d'électricité"
"naf_35_21Z","l10n_eu_nace.nace_35_21","[35.21Z] Production de combustibles gazeux"
"naf_35_22Z","l10n_eu_nace.nace_35_22","[35.22Z] Distribution de combustibles gazeux par conduites"
"naf_35_23Z","l10n_eu_nace.nace_35_23","[35.23Z] Commerce de combustibles gazeux par conduites"
"naf_35_30Z","l10n_eu_nace.nace_35_30","[35.30Z] Production et distribution de vapeur et d'air conditionné"
"naf_36_00Z","l10n_eu_nace.nace_36_00","[36.00Z] Captage, traitement et distribution d'eau"
"naf_37_00Z","l10n_eu_nace.nace_37_00","[37.00Z] Collecte et traitement des eaux usées"
"naf_38_11Z","l10n_eu_nace.nace_38_11","[38.11Z] Collecte des déchets non dangereux"
"naf_38_12Z","l10n_eu_nace.nace_38_12","[38.12Z] Collecte des déchets dangereux"
"naf_38_21Z","l10n_eu_nace.nace_38_21","[38.21Z] Traitement et élimination des déchets non dangereux"
"naf_38_22Z","l10n_eu_nace.nace_38_22","[38.22Z] Traitement et élimination des déchets dangereux"
"naf_38_31Z","l10n_eu_nace.nace_38_31","[38.31Z] Démantèlement d'épaves"
"naf_38_32Z","l10n_eu_nace.nace_38_32","[38.32Z] Récupération de déchets triés"
"naf_39_00Z","l10n_eu_nace.nace_39_00","[39.00Z] Dépollution et autres services de gestion des déchets"
"naf_41_10A","l10n_eu_nace.nace_41_10","[41.10A] Promotion immobilière de logements"
"naf_41_10B","l10n_eu_nace.nace_41_10","[41.10B] Promotion immobilière de bureaux"
"naf_41_10C","l10n_eu_nace.nace_41_10","[41.10C] Promotion immobilière d'autres bâtiments"
"naf_41_10D","l10n_eu_nace.nace_41_10","[41.10D] Supports juridiques de programmes"
"naf_41_20A","l10n_eu_nace.nace_41_20","[41.20A] Construction de maisons individuelles"
"naf_41_20B","l10n_eu_nace.nace_41_20","[41.20B] Construction d'autres bâtiments"
"naf_42_11Z","l10n_eu_nace.nace_42_11","[42.11Z] Construction de routes et autoroutes"
"naf_42_12Z","l10n_eu_nace.nace_42_12","[42.12Z] Construction de voies ferrées de surface et souterraines"
"naf_42_13A","l10n_eu_nace.nace_42_13","[42.13A] Construction d'ouvrages d'art"
"naf_42_13B","l10n_eu_nace.nace_42_13","[42.13B] Construction et entretien de tunnels"
"naf_42_21Z","l10n_eu_nace.nace_42_21","[42.21Z] Construction de réseaux pour fluides"
"naf_42_22Z","l10n_eu_nace.nace_42_22","[42.22Z] Construction de réseaux électriques et de télécommunications"
"naf_42_91Z","l10n_eu_nace.nace_42_91","[42.91Z] Construction d'ouvrages maritimes et fluviaux"
"naf_42_99Z","l10n_eu_nace.nace_42_99","[42.99Z] Construction d'autres ouvrages de génie civil n.c.a."
"naf_43_11Z","l10n_eu_nace.nace_43_11","[43.11Z] Travaux de démolition"
"naf_43_12A","l10n_eu_nace.nace_43_12","[43.12A] Travaux de terrassement courants et travaux préparatoires"
"naf_43_12B","l10n_eu_nace.nace_43_12","[43.12B] Travaux de terrassement spécialisés ou de grande masse"
"naf_43_13Z","l10n_eu_nace.nace_43_13","[43.13Z] Forages et sondages"
"naf_43_21A","l10n_eu_nace.nace_43_21","[43.21A] Travaux d'installation électrique dans tous locaux"
"naf_43_21B","l10n_eu_nace.nace_43_21","[43.21B] Travaux d'installation électrique sur la voie publique"
"naf_43_22A","l10n_eu_nace.nace_43_22","[43.22A] Travaux d'installation d'eau et de gaz en tous locaux"
"naf_43_22B","l10n_eu_nace.nace_43_22","[43.22B] Travaux d'installation d'équipements thermiques et de climatisation"
"naf_43_29A","l10n_eu_nace.nace_43_29","[43.29A] Travaux d'isolation"
"naf_43_29B","l10n_eu_nace.nace_43_29","[43.29B] Autres travaux d'installation n.c.a."
"naf_43_31Z","l10n_eu_nace.nace_43_31","[43.31Z] Travaux de plâtrerie"
"naf_43_32A","l10n_eu_nace.nace_43_32","[43.32A] Travaux de menuiserie bois et PVC"
"naf_43_32B","l10n_eu_nace.nace_43_32","[43.32B] Travaux de menuiserie métallique et serrurerie"
"naf_43_32C","l10n_eu_nace.nace_43_32","[43.32C] Agencement de lieux de vente"
"naf_43_33Z","l10n_eu_nace.nace_43_33","[43.33Z] Travaux de revêtement des sols et des murs"
"naf_43_34Z","l10n_eu_nace.nace_43_34","[43.34Z] Travaux de peinture et vitrerie"
"naf_43_39Z","l10n_eu_nace.nace_43_39","[43.39Z] Autres travaux de finition"
"naf_43_91A","l10n_eu_nace.nace_43_91","[43.91A] Travaux de charpente"
"naf_43_91B","l10n_eu_nace.nace_43_91","[43.91B] Travaux de couverture par éléments"
"naf_43_99A","l10n_eu_nace.nace_43_99","[43.99A] Travaux d'étanchéification"
"naf_43_99B","l10n_eu_nace.nace_43_99","[43.99B] Travaux de montage de structures métalliques"
"naf_43_99C","l10n_eu_nace.nace_43_99","[43.99C] Travaux de maçonnerie générale et gros œuvre de bâtiment"
"naf_43_99D","l10n_eu_nace.nace_43_99","[43.99D] Autres travaux spécialisés de construction"
"naf_43_99E","l10n_eu_nace.nace_43_99","[43.99E] Location avec opérateur de matériel de construction"
"naf_45_11Z","l10n_eu_nace.nace_45_11","[45.11Z] Commerce de voitures et de véhicules automobiles légers"
"naf_45_19Z","l10n_eu_nace.nace_45_19","[45.19Z] Commerce d'autres véhicules automobiles"
"naf_45_20A","l10n_eu_nace.nace_45_20","[45.20A] Entretien et réparation de véhicules automobiles légers"
"naf_45_20B","l10n_eu_nace.nace_45_20","[45.20B] Entretien et réparation d'autres véhicules automobiles"
"naf_45_31Z","l10n_eu_nace.nace_45_31","[45.31Z] Commerce de gros d'équipements automobiles"
"naf_45_32Z","l10n_eu_nace.nace_45_32","[45.32Z] Commerce de détail d'équipements automobiles"
"naf_45_40Z","l10n_eu_nace.nace_45_40","[45.40Z] Commerce et réparation de motocycles"
"naf_46_11Z","l10n_eu_nace.nace_46_11","[46.11Z] Intermédiaires du commerce en matières premières agricoles, animaux vivants, matières premières textiles et produits semi-finis"
"naf_46_12A","l10n_eu_nace.nace_46_12","[46.12A] Centrales d'achat de carburant"
"naf_46_12B","l10n_eu_nace.nace_46_12","[46.12B] Autres intermédiaires du commerce en combustibles, métaux, minéraux et produits chimiques"
"naf_46_13Z","l10n_eu_nace.nace_46_13","[46.13Z] Intermédiaires du commerce en bois et matériaux de construction"
"naf_46_14Z","l10n_eu_nace.nace_46_14","[46.14Z] Intermédiaires du commerce en machines, équipements industriels, navires et avions"
"naf_46_15Z","l10n_eu_nace.nace_46_15","[46.15Z] Intermédiaires du commerce en meubles, articles de ménage et quincaillerie"
"naf_46_16Z","l10n_eu_nace.nace_46_16","[46.16Z] Intermédiaires du commerce en textiles, habillement, fourrures, chaussures et articles en cuir"
"naf_46_17A","l10n_eu_nace.nace_46_17","[46.17A] Centrales d'achat alimentaires"
"naf_46_17B","l10n_eu_nace.nace_46_17","[46.17B] Autres intermédiaires du commerce en denrées, boissons et tabac"
"naf_46_18Z","l10n_eu_nace.nace_46_18","[46.18Z] Intermédiaires spécialisés dans le commerce d'autres produits spécifiques"
"naf_46_19A","l10n_eu_nace.nace_46_19","[46.19A] Centrales d'achat non alimentaires"
"naf_46_19B","l10n_eu_nace.nace_46_19","[46.19B] Autres intermédiaires du commerce en produits divers"
"naf_46_21Z","l10n_eu_nace.nace_46_21","[46.21Z] Commerce de gros (commerce interentreprises) de céréales, de tabac non manufacturé, de semences et d'aliments pour le bétail"
"naf_46_22Z","l10n_eu_nace.nace_46_22","[46.22Z] Commerce de gros (commerce interentreprises) de fleurs et plantes"
"naf_46_23Z","l10n_eu_nace.nace_46_23","[46.23Z] Commerce de gros (commerce interentreprises) d'animaux vivants"
"naf_46_24Z","l10n_eu_nace.nace_46_24","[46.24Z] Commerce de gros (commerce interentreprises) de cuirs et peaux"
"naf_46_31Z","l10n_eu_nace.nace_46_31","[46.31Z] Commerce de gros (commerce interentreprises) de fruits et légumes"
"naf_46_32A","l10n_eu_nace.nace_46_32","[46.32A] Commerce de gros (commerce interentreprises) de viandes de boucherie"
"naf_46_32B","l10n_eu_nace.nace_46_32","[46.32B] Commerce de gros (commerce interentreprises) de produits à base de viande"
"naf_46_32C","l10n_eu_nace.nace_46_32","[46.32C] Commerce de gros (commerce interentreprises) de volailles et gibier"
"naf_46_33Z","l10n_eu_nace.nace_46_33","[46.33Z] Commerce de gros (commerce interentreprises) de produits laitiers, œufs, huiles et matières grasses comestibles"
"naf_46_34Z","l10n_eu_nace.nace_46_34","[46.34Z] Commerce de gros (commerce interentreprises) de boissons"
"naf_46_35Z","l10n_eu_nace.nace_46_35","[46.35Z] Commerce de gros (commerce interentreprises) de produits à base de tabac"
"naf_46_36Z","l10n_eu_nace.nace_46_36","[46.36Z] Commerce de gros (commerce interentreprises) de sucre, chocolat et confiserie"
"naf_46_37Z","l10n_eu_nace.nace_46_37","[46.37Z] Commerce de gros (commerce interentreprises) de café, thé, cacao et épices"
"naf_46_38A","l10n_eu_nace.nace_46_38","[46.38A] Commerce de gros (commerce interentreprises) de poissons, crustacés et mollusques"
"naf_46_38B","l10n_eu_nace.nace_46_38","[46.38B] Commerce de gros (commerce interentreprises) alimentaire spécialisé divers"
"naf_46_39A","l10n_eu_nace.nace_46_39","[46.39A] Commerce de gros (commerce interentreprises) de produits surgelés"
"naf_46_39B","l10n_eu_nace.nace_46_39","[46.39B] Commerce de gros (commerce interentreprises) alimentaire non spécialisé"
"naf_46_41Z","l10n_eu_nace.nace_46_41","[46.41Z] Commerce de gros (commerce interentreprises) de textiles"
"naf_46_42Z","l10n_eu_nace.nace_46_42","[46.42Z] Commerce de gros (commerce interentreprises) d'habillement et de chaussures"
"naf_46_43Z","l10n_eu_nace.nace_46_43","[46.43Z] Commerce de gros (commerce interentreprises) d'appareils électroménagers"
"naf_46_44Z","l10n_eu_nace.nace_46_44","[46.44Z] Commerce de gros (commerce interentreprises) de vaisselle, verrerie et produits d'entretien"
"naf_46_45Z","l10n_eu_nace.nace_46_45","[46.45Z] Commerce de gros (commerce interentreprises) de parfumerie et de produits de beauté"
"naf_46_46Z","l10n_eu_nace.nace_46_46","[46.46Z] Commerce de gros (commerce interentreprises) de produits pharmaceutiques"
"naf_46_47Z","l10n_eu_nace.nace_46_47","[46.47Z] Commerce de gros (commerce interentreprises) de meubles, de tapis et d'appareils d'éclairage"
"naf_46_48Z","l10n_eu_nace.nace_46_48","[46.48Z] Commerce de gros (commerce interentreprises) d'articles d'horlogerie et de bijouterie"
"naf_46_49Z","l10n_eu_nace.nace_46_49","[46.49Z] Commerce de gros (commerce interentreprises) d'autres biens domestiques"
"naf_46_51Z","l10n_eu_nace.nace_46_51","[46.51Z] Commerce de gros (commerce interentreprises) d'ordinateurs, d'équipements informatiques périphériques et de logiciels"
"naf_46_52Z","l10n_eu_nace.nace_46_52","[46.52Z] Commerce de gros (commerce interentreprises) de composants et d'équipements électroniques et de télécommunication"
"naf_46_61Z","l10n_eu_nace.nace_46_61","[46.61Z] Commerce de gros (commerce interentreprises) de matériel agricole"
"naf_46_62Z","l10n_eu_nace.nace_46_62","[46.62Z] Commerce de gros (commerce interentreprises) de machines-outils"
"naf_46_63Z","l10n_eu_nace.nace_46_63","[46.63Z] Commerce de gros (commerce interentreprises) de machines pour l'extraction, la construction et le génie civil"
"naf_46_64Z","l10n_eu_nace.nace_46_64","[46.64Z] Commerce de gros (commerce interentreprises) de machines pour l'industrie textile et l'habillement"
"naf_46_65Z","l10n_eu_nace.nace_46_65","[46.65Z] Commerce de gros (commerce interentreprises) de mobilier de bureau"
"naf_46_66Z","l10n_eu_nace.nace_46_66","[46.66Z] Commerce de gros (commerce interentreprises) d'autres machines et équipements de bureau"
"naf_46_69A","l10n_eu_nace.nace_46_69","[46.69A] Commerce de gros (commerce interentreprises) de matériel électrique"
"naf_46_69B","l10n_eu_nace.nace_46_69","[46.69B] Commerce de gros (commerce interentreprises) de fournitures et équipements industriels divers"
"naf_46_69C","l10n_eu_nace.nace_46_69","[46.69C] Commerce de gros (commerce interentreprises) de fournitures et équipements divers pour le commerce et les services"
"naf_46_71Z","l10n_eu_nace.nace_46_71","[46.71Z] Commerce de gros (commerce interentreprises) de combustibles et de produits annexes"
"naf_46_72Z","l10n_eu_nace.nace_46_72","[46.72Z] Commerce de gros (commerce interentreprises) de minerais et métaux"
"naf_46_73A","l10n_eu_nace.nace_46_73","[46.73A] Commerce de gros (commerce interentreprises) de bois et de matériaux de construction"
"naf_46_73B","l10n_eu_nace.nace_46_73","[46.73B] Commerce de gros (commerce interentreprises) d'appareils sanitaires et de produits de décoration"
"naf_46_74A","l10n_eu_nace.nace_46_74","[46.74A] Commerce de gros (commerce interentreprises) de quincaillerie"
"naf_46_74B","l10n_eu_nace.nace_46_74","[46.74B] Commerce de gros (commerce interentreprises) de fournitures pour la plomberie et le chauffage"
"naf_46_75Z","l10n_eu_nace.nace_46_75","[46.75Z] Commerce de gros (commerce interentreprises) de produits chimiques"
"naf_46_76Z","l10n_eu_nace.nace_46_76","[46.76Z] Commerce de gros (commerce interentreprises) d'autres produits intermédiaires"
"naf_46_77Z","l10n_eu_nace.nace_46_77","[46.77Z] Commerce de gros (commerce interentreprises) de déchets et débris"
"naf_46_90Z","l10n_eu_nace.nace_46_90","[46.90Z] Commerce de gros (commerce interentreprises) non spécialisé"
"naf_47_11A","l10n_eu_nace.nace_47_11","[47.11A] Commerce de détail de produits surgelés"
"naf_47_11B","l10n_eu_nace.nace_47_11","[47.11B] Commerce d'alimentation générale"
"naf_47_11C","l10n_eu_nace.nace_47_11","[47.11C] Supérettes"
"naf_47_11D","l10n_eu_nace.nace_47_11","[47.11D] Supermarchés"
"naf_47_11E","l10n_eu_nace.nace_47_11","[47.11E] Magasins multi-commerces"
"naf_47_11F","l10n_eu_nace.nace_47_11","[47.11F] Hypermarchés"
"naf_47_19A","l10n_eu_nace.nace_47_19","[47.19A] Grands magasins"
"naf_47_19B","l10n_eu_nace.nace_47_19","[47.19B] Autres commerces de détail en magasin non spécialisé"
"naf_47_21Z","l10n_eu_nace.nace_47_21","[47.21Z] Commerce de détail de fruits et légumes en magasin spécialisé"
"naf_47_22Z","l10n_eu_nace.nace_47_22","[47.22Z] Commerce de détail de viandes et de produits à base de viande en magasin spécialisé"
"naf_47_23Z","l10n_eu_nace.nace_47_23","[47.23Z] Commerce de détail de poissons, crustacés et mollusques en magasin spécialisé"
"naf_47_24Z","l10n_eu_nace.nace_47_24","[47.24Z] Commerce de détail de pain, pâtisserie et confiserie en magasin spécialisé"
"naf_47_25Z","l10n_eu_nace.nace_47_25","[47.25Z] Commerce de détail de boissons en magasin spécialisé"
"naf_47_26Z","l10n_eu_nace.nace_47_26","[47.26Z] Commerce de détail de produits à base de tabac en magasin spécialisé"
"naf_47_29Z","l10n_eu_nace.nace_47_29","[47.29Z] Autres commerces de détail alimentaires en magasin spécialisé"
"naf_47_30Z","l10n_eu_nace.nace_47_30","[47.30Z] Commerce de détail de carburants en magasin spécialisé"
"naf_47_41Z","l10n_eu_nace.nace_47_41","[47.41Z] Commerce de détail d'ordinateurs, d'unités périphériques et de logiciels en magasin spécialisé"
"naf_47_42Z","l10n_eu_nace.nace_47_42","[47.42Z] Commerce de détail de matériels de télécommunication en magasin spécialisé"
"naf_47_43Z","l10n_eu_nace.nace_47_43","[47.43Z] Commerce de détail de matériels audio et vidéo en magasin spécialisé"
"naf_47_51Z","l10n_eu_nace.nace_47_51","[47.51Z] Commerce de détail de textiles en magasin spécialisé"
"naf_47_52A","l10n_eu_nace.nace_47_52","[47.52A] Commerce de détail de quincaillerie, peintures et verres en petites surfaces (moins de 400 m²)"
"naf_47_52B","l10n_eu_nace.nace_47_52","[47.52B] Commerce de détail de quincaillerie, peintures et verres en grandes surfaces (400 m² et plus)"
"naf_47_53Z","l10n_eu_nace.nace_47_53","[47.53Z] Commerce de détail de tapis, moquettes et revêtements de murs et de sols en magasin spécialisé"
"naf_47_54Z","l10n_eu_nace.nace_47_54","[47.54Z] Commerce de détail d'appareils électroménagers en magasin spécialisé"
"naf_47_59A","l10n_eu_nace.nace_47_59","[47.59A] Commerce de détail de meubles"
"naf_47_59B","l10n_eu_nace.nace_47_59","[47.59B] Commerce de détail d'autres équipements du foyer"
"naf_47_61Z","l10n_eu_nace.nace_47_61","[47.61Z] Commerce de détail de livres en magasin spécialisé"
"naf_47_62Z","l10n_eu_nace.nace_47_62","[47.62Z] Commerce de détail de journaux et papeterie en magasin spécialisé"
"naf_47_63Z","l10n_eu_nace.nace_47_63","[47.63Z] Commerce de détail d'enregistrements musicaux et vidéo en magasin spécialisé"
"naf_47_64Z","l10n_eu_nace.nace_47_64","[47.64Z] Commerce de détail d'articles de sport en magasin spécialisé"
"naf_47_65Z","l10n_eu_nace.nace_47_65","[47.65Z] Commerce de détail de jeux et jouets en magasin spécialisé"
"naf_47_71Z","l10n_eu_nace.nace_47_71","[47.71Z] Commerce de détail d'habillement en magasin spécialisé"
"naf_47_72A","l10n_eu_nace.nace_47_72","[47.72A] Commerce de détail de la chaussure"
"naf_47_72B","l10n_eu_nace.nace_47_72","[47.72B] Commerce de détail de maroquinerie et d'articles de voyage"
"naf_47_73Z","l10n_eu_nace.nace_47_73","[47.73Z] Commerce de détail de produits pharmaceutiques en magasin spécialisé"
"naf_47_74Z","l10n_eu_nace.nace_47_74","[47.74Z] Commerce de détail d'articles médicaux et orthopédiques en magasin spécialisé"
"naf_47_75Z","l10n_eu_nace.nace_47_75","[47.75Z] Commerce de détail de parfumerie et de produits de beauté en magasin spécialisé"
"naf_47_76Z","l10n_eu_nace.nace_47_76","[47.76Z] Commerce de détail de fleurs, plantes, graines, engrais, animaux de compagnie et aliments pour ces animaux en magasin spécialisé"
"naf_47_77Z","l10n_eu_nace.nace_47_77","[47.77Z] Commerce de détail d'articles d'horlogerie et de bijouterie en magasin spécialisé"
"naf_47_78A","l10n_eu_nace.nace_47_78","[47.78A] Commerces de détail d'optique"
"naf_47_78B","l10n_eu_nace.nace_47_78","[47.78B] Commerces de détail de charbons et combustibles"
"naf_47_78C","l10n_eu_nace.nace_47_78","[47.78C] Autres commerces de détail spécialisés divers"
"naf_47_79Z","l10n_eu_nace.nace_47_79","[47.79Z] Commerce de détail de biens d'occasion en magasin"
"naf_47_81Z","l10n_eu_nace.nace_47_81","[47.81Z] Commerce de détail alimentaire sur éventaires et marchés"
"naf_47_82Z","l10n_eu_nace.nace_47_82","[47.82Z] Commerce de détail de textiles, d'habillement et de chaussures sur éventaires et marchés"
"naf_47_89Z","l10n_eu_nace.nace_47_89","[47.89Z] Autres commerces de détail sur éventaires et marchés"
"naf_47_91A","l10n_eu_nace.nace_47_91","[47.91A] Vente à distance sur catalogue général"
"naf_47_91B","l10n_eu_nace.nace_47_91","[47.91B] Vente à distance sur catalogue spécialisé"
"naf_47_99A","l10n_eu_nace.nace_47_99","[47.99A] Vente à domicile"
"naf_47_99B","l10n_eu_nace.nace_47_99","[47.99B] Vente par automates et autres commerces de détail hors magasin, éventaires ou marchés n.c.a."
"naf_49_10Z","l10n_eu_nace.nace_49_10","[49.10Z] Transport ferroviaire interurbain de voyageurs"
"naf_49_20Z","l10n_eu_nace.nace_49_20","[49.20Z] Transports ferroviaires de fret"
"naf_49_31Z","l10n_eu_nace.nace_49_31","[49.31Z] Transports urbains et suburbains de voyageurs"
"naf_49_32Z","l10n_eu_nace.nace_49_32","[49.32Z] Transports de voyageurs par taxis"
"naf_49_39A","l10n_eu_nace.nace_49_39","[49.39A] Transports routiers réguliers de voyageurs"
"naf_49_39B","l10n_eu_nace.nace_49_39","[49.39B] Autres transports routiers de voyageurs"
"naf_49_39C","l10n_eu_nace.nace_49_39","[49.39C] Téléphériques et remontées mécaniques"
"naf_49_41A","l10n_eu_nace.nace_49_41","[49.41A] Transports routiers de fret interurbains"
"naf_49_41B","l10n_eu_nace.nace_49_41","[49.41B] Transports routiers de fret de proximité"
"naf_49_41C","l10n_eu_nace.nace_49_41","[49.41C] Location de camions avec chauffeur"
"naf_49_42Z","l10n_eu_nace.nace_49_42","[49.42Z] Services de déménagement"
"naf_49_50Z","l10n_eu_nace.nace_49_50","[49.50Z] Transports par conduites"
"naf_50_10Z","l10n_eu_nace.nace_50_10","[50.10Z] Transports maritimes et côtiers de passagers"
"naf_50_20Z","l10n_eu_nace.nace_50_20","[50.20Z] Transports maritimes et côtiers de fret"
"naf_50_30Z","l10n_eu_nace.nace_50_30","[50.30Z] Transports fluviaux de passagers"
"naf_50_40Z","l10n_eu_nace.nace_50_40","[50.40Z] Transports fluviaux de fret"
"naf_51_10Z","l10n_eu_nace.nace_51_10","[51.10Z] Transports aériens de passagers"
"naf_51_21Z","l10n_eu_nace.nace_51_21","[51.21Z] Transports aériens de fret"
"naf_51_22Z","l10n_eu_nace.nace_51_22","[51.22Z] Transports spatiaux"
"naf_52_10A","l10n_eu_nace.nace_52_10","[52.10A] Entreposage et stockage frigorifique"
"naf_52_10B","l10n_eu_nace.nace_52_10","[52.10B] Entreposage et stockage non frigorifique"
"naf_52_21Z","l10n_eu_nace.nace_52_21","[52.21Z] Services auxiliaires des transports terrestres"
"naf_52_22Z","l10n_eu_nace.nace_52_22","[52.22Z] Services auxiliaires des transports par eau"
"naf_52_23Z","l10n_eu_nace.nace_52_23","[52.23Z] Services auxiliaires des transports aériens"
"naf_52_24A","l10n_eu_nace.nace_52_24","[52.24A] Manutention portuaire"
"naf_52_24B","l10n_eu_nace.nace_52_24","[52.24B] Manutention non portuaire"
"naf_52_29A","l10n_eu_nace.nace_52_29","[52.29A] Messagerie, fret express"
"naf_52_29B","l10n_eu_nace.nace_52_29","[52.29B] Affrètement et organisation des transports"
"naf_53_10Z","l10n_eu_nace.nace_53_10","[53.10Z] Activités de poste dans le cadre d'une obligation de service universel"
"naf_53_20Z","l10n_eu_nace.nace_53_20","[53.20Z] Autres activités de poste et de courrier"
"naf_55_10Z","l10n_eu_nace.nace_55_10","[55.10Z] Hôtels et hébergement similaire"
"naf_55_20Z","l10n_eu_nace.nace_55_20","[55.20Z] Hébergement touristique et autre hébergement de courte durée"
"naf_55_30Z","l10n_eu_nace.nace_55_30","[55.30Z] Terrains de camping et parcs pour caravanes ou véhicules de loisirs"
"naf_55_90Z","l10n_eu_nace.nace_55_90","[55.90Z] Autres hébergements"
"naf_56_10A","l10n_eu_nace.nace_56_10","[56.10A] Restauration traditionnelle"
"naf_56_10B","l10n_eu_nace.nace_56_10","[56.10B] Cafétérias et autres libres-services"
"naf_56_10C","l10n_eu_nace.nace_56_10","[56.10C] Restauration de type rapide"
"naf_56_21Z","l10n_eu_nace.nace_56_21","[56.21Z] Services des traiteurs"
"naf_56_29A","l10n_eu_nace.nace_56_29","[56.29A] Restauration collective sous contrat"
"naf_56_29B","l10n_eu_nace.nace_56_29","[56.29B] Autres services de restauration n.c.a."
"naf_56_30Z","l10n_eu_nace.nace_56_30","[56.30Z] Débits de boissons"
"naf_58_11Z","l10n_eu_nace.nace_58_11","[58.11Z] Édition de livres"
"naf_58_12Z","l10n_eu_nace.nace_58_12","[58.12Z] Édition de répertoires et de fichiers d'adresses"
"naf_58_13Z","l10n_eu_nace.nace_58_13","[58.13Z] Édition de journaux"
"naf_58_14Z","l10n_eu_nace.nace_58_14","[58.14Z] Édition de revues et périodiques"
"naf_58_19Z","l10n_eu_nace.nace_58_19","[58.19Z] Autres activités d'édition"
"naf_58_21Z","l10n_eu_nace.nace_58_21","[58.21Z] Édition de jeux électroniques"
"naf_58_29A","l10n_eu_nace.nace_58_29","[58.29A] Édition de logiciels système et de réseau"
"naf_58_29B","l10n_eu_nace.nace_58_29","[58.29B] Édition de logiciels outils de développement et de langages"
"naf_58_29C","l10n_eu_nace.nace_58_29","[58.29C] Édition de logiciels applicatifs"
"naf_59_11A","l10n_eu_nace.nace_59_11","[59.11A] Production de films et de programmes pour la télévision"
"naf_59_11B","l10n_eu_nace.nace_59_11","[59.11B] Production de films institutionnels et publicitaires"
"naf_59_11C","l10n_eu_nace.nace_59_11","[59.11C] Production de films pour le cinéma"
"naf_59_12Z","l10n_eu_nace.nace_59_12","[59.12Z] Post-production de films cinématographiques, de vidéo et de programmes de télévision"
"naf_59_13A","l10n_eu_nace.nace_59_13","[59.13A] Distribution de films cinématographiques"
"naf_59_13B","l10n_eu_nace.nace_59_13","[59.13B] Édition et distribution vidéo"
"naf_59_14Z","l10n_eu_nace.nace_59_14","[59.14Z] Projection de films cinématographiques"
"naf_59_20Z","l10n_eu_nace.nace_59_20","[59.20Z] Enregistrement sonore et édition musicale"
"naf_60_10Z","l10n_eu_nace.nace_60_10","[60.10Z] Édition et diffusion de programmes radio"
"naf_60_20A","l10n_eu_nace.nace_60_20","[60.20A] Édition de chaînes généralistes"
"naf_60_20B","l10n_eu_nace.nace_60_20","[60.20B] Édition de chaînes thématiques"
"naf_61_10Z","l10n_eu_nace.nace_61_10","[61.10Z] Télécommunications filaires"
"naf_61_20Z","l10n_eu_nace.nace_61_20","[61.20Z] Télécommunications sans fil"
"naf_61_30Z","l10n_eu_nace.nace_61_30","[61.30Z] Télécommunications par satellite"
"naf_61_90Z","l10n_eu_nace.nace_61_90","[61.90Z] Autres activités de télécommunication"
"naf_62_01Z","l10n_eu_nace.nace_62_01","[62.01Z] Programmation informatique"
"naf_62_02A","l10n_eu_nace.nace_62_02","[62.02A] Conseil en systèmes et logiciels informatiques"
"naf_62_02B","l10n_eu_nace.nace_62_02","[62.02B] Tierce maintenance de systèmes et d'applications informatiques"
"naf_62_03Z","l10n_eu_nace.nace_62_03","[62.03Z] Gestion d'installations informatiques"
"naf_62_09Z","l10n_eu_nace.nace_62_09","[62.09Z] Autres activités informatiques"
"naf_63_11Z","l10n_eu_nace.nace_63_11","[63.11Z] Traitement de données, hébergement et activités connexes"
"naf_63_12Z","l10n_eu_nace.nace_63_12","[63.12Z] Portails Internet"
"naf_63_91Z","l10n_eu_nace.nace_63_91","[63.91Z] Activités des agences de presse"
"naf_63_99Z","l10n_eu_nace.nace_63_99","[63.99Z] Autres services d'information n.c.a."
"naf_64_11Z","l10n_eu_nace.nace_64_11","[64.11Z] Activités de banque centrale"
"naf_64_19Z","l10n_eu_nace.nace_64_19","[64.19Z] Autres intermédiations monétaires"
"naf_64_20Z","l10n_eu_nace.nace_64_20","[64.20Z] Activités des sociétés holding"
"naf_64_30Z","l10n_eu_nace.nace_64_30","[64.30Z] Fonds de placement et entités financières similaires"
"naf_64_91Z","l10n_eu_nace.nace_64_91","[64.91Z] Crédit-bail"
"naf_64_92Z","l10n_eu_nace.nace_64_92","[64.92Z] Autre distribution de crédit"
"naf_64_99Z","l10n_eu_nace.nace_64_99","[64.99Z] Autres activités des services financiers, hors assurance et caisses de retraite, n.c.a."
"naf_65_11Z","l10n_eu_nace.nace_65_11","[65.11Z] Assurance vie"
"naf_65_12Z","l10n_eu_nace.nace_65_12","[65.12Z] Autres assurances"
"naf_65_20Z","l10n_eu_nace.nace_65_20","[65.20Z] Réassurance"
"naf_65_30Z","l10n_eu_nace.nace_65_30","[65.30Z] Caisses de retraite"
"naf_66_11Z","l10n_eu_nace.nace_66_11","[66.11Z] Administration de marchés financiers"
"naf_66_12Z","l10n_eu_nace.nace_66_12","[66.12Z] Courtage de valeurs mobilières et de marchandises"
"naf_66_19A","l10n_eu_nace.nace_66_19","[66.19A] Supports juridiques de gestion de patrimoine mobilier"
"naf_66_19B","l10n_eu_nace.nace_66_19","[66.19B] Autres activités auxiliaires de services financiers, hors assurance et caisses de retraite, n.c.a."
"naf_66_21Z","l10n_eu_nace.nace_66_21","[66.21Z] Évaluation des risques et dommages"
"naf_66_22Z","l10n_eu_nace.nace_66_22","[66.22Z] Activités des agents et courtiers d'assurances"
"naf_66_29Z","l10n_eu_nace.nace_66_29","[66.29Z] Autres activités auxiliaires d'assurance et de caisses de retraite"
"naf_66_30Z","l10n_eu_nace.nace_66_30","[66.30Z] Gestion de fonds"
"naf_68_10Z","l10n_eu_nace.nace_68_10","[68.10Z] Activités des marchands de biens immobiliers"
"naf_68_20A","l10n_eu_nace.nace_68_20","[68.20A] Location de logements"
"naf_68_20B","l10n_eu_nace.nace_68_20","[68.20B] Location de terrains et d'autres biens immobiliers"
"naf_68_31Z","l10n_eu_nace.nace_68_31","[68.31Z] Agences immobilières"
"naf_68_32A","l10n_eu_nace.nace_68_32","[68.32A] Administration d'immeubles et autres biens immobiliers"
"naf_68_32B","l10n_eu_nace.nace_68_32","[68.32B] Supports juridiques de gestion de patrimoine immobilier"
"naf_69_10Z","l10n_eu_nace.nace_69_10","[69.10Z] Activités juridiques"
"naf_69_20Z","l10n_eu_nace.nace_69_20","[69.20Z] Activités comptables"
"naf_70_10Z","l10n_eu_nace.nace_70_10","[70.10Z] Activités des sièges sociaux"
"naf_70_21Z","l10n_eu_nace.nace_70_21","[70.21Z] Conseil en relations publiques et communication"
"naf_70_22Z","l10n_eu_nace.nace_70_22","[70.22Z] Conseil pour les affaires et autres conseils de gestion"
"naf_71_11Z","l10n_eu_nace.nace_71_11","[71.11Z] Activités d'architecture"
"naf_71_12A","l10n_eu_nace.nace_71_12","[71.12A] Activité des géomètres"
"naf_71_12B","l10n_eu_nace.nace_71_12","[71.12B] Ingénierie, études techniques"
"naf_71_20A","l10n_eu_nace.nace_71_20","[71.20A] Contrôle technique automobile"
"naf_71_20B","l10n_eu_nace.nace_71_20","[71.20B] Analyses, essais et inspections techniques"
"naf_72_11Z","l10n_eu_nace.nace_72_11","[72.11Z] Recherche-développement en biotechnologie"
"naf_72_19Z","l10n_eu_nace.nace_72_19","[72.19Z] Recherche-développement en autres sciences physiques et naturelles"
"naf_72_20Z","l10n_eu_nace.nace_72_20","[72.20Z] Recherche-développement en sciences humaines et sociales"
"naf_73_11Z","l10n_eu_nace.nace_73_11","[73.11Z] Activités des agences de publicité"
"naf_73_12Z","l10n_eu_nace.nace_73_12","[73.12Z] Régie publicitaire de médias"
"naf_73_20Z","l10n_eu_nace.nace_73_20","[73.20Z] Études de marché et sondages"
"naf_74_10Z","l10n_eu_nace.nace_74_10","[74.10Z] Activités spécialisées de design"
"naf_74_20Z","l10n_eu_nace.nace_74_20","[74.20Z] Activités photographiques"
"naf_74_30Z","l10n_eu_nace.nace_74_30","[74.30Z] Traduction et interprétation"
"naf_74_90A","l10n_eu_nace.nace_74_90","[74.90A] Activité des économistes de la construction"
"naf_74_90B","l10n_eu_nace.nace_74_90","[74.90B] Activités spécialisées, scientifiques et techniques diverses"
"naf_75_00Z","l10n_eu_nace.nace_75_00","[75.00Z] Activités vétérinaires"
"naf_77_11A","l10n_eu_nace.nace_77_11","[77.11A] Location de courte durée de voitures et de véhicules automobiles légers"
"naf_77_11B","l10n_eu_nace.nace_77_11","[77.11B] Location de longue durée de voitures et de véhicules automobiles légers"
"naf_77_12Z","l10n_eu_nace.nace_77_12","[77.12Z] Location et location-bail de camions"
"naf_77_21Z","l10n_eu_nace.nace_77_21","[77.21Z] Location et location-bail d'articles de loisirs et de sport"
"naf_77_22Z","l10n_eu_nace.nace_77_22","[77.22Z] Location de vidéocassettes et disques vidéo"
"naf_77_29Z","l10n_eu_nace.nace_77_29","[77.29Z] Location et location-bail d'autres biens personnels et domestiques"
"naf_77_31Z","l10n_eu_nace.nace_77_31","[77.31Z] Location et location-bail de machines et équipements agricoles"
"naf_77_32Z","l10n_eu_nace.nace_77_32","[77.32Z] Location et location-bail de machines et équipements pour la construction"
"naf_77_33Z","l10n_eu_nace.nace_77_33","[77.33Z] Location et location-bail de machines de bureau et de matériel informatique"
"naf_77_34Z","l10n_eu_nace.nace_77_34","[77.34Z] Location et location-bail de matériels de transport par eau"
"naf_77_35Z","l10n_eu_nace.nace_77_35","[77.35Z] Location et location-bail de matériels de transport aérien"
"naf_77_39Z","l10n_eu_nace.nace_77_39","[77.39Z] Location et location-bail d'autres machines, équipements et biens matériels n.c.a."
"naf_77_40Z","l10n_eu_nace.nace_77_40","[77.40Z] Location-bail de propriété intellectuelle et de produits similaires, à l'exception des œuvres soumises à copyright"
"naf_78_10Z","l10n_eu_nace.nace_78_10","[78.10Z] Activités des agences de placement de main-d'œuvre"
"naf_78_20Z","l10n_eu_nace.nace_78_20","[78.20Z] Activités des agences de travail temporaire"
"naf_78_30Z","l10n_eu_nace.nace_78_30","[78.30Z] Autre mise à disposition de ressources humaines"
"naf_79_11Z","l10n_eu_nace.nace_79_11","[79.11Z] Activités des agences de voyage"
"naf_79_12Z","l10n_eu_nace.nace_79_12","[79.12Z] Activités des voyagistes"
"naf_79_90Z","l10n_eu_nace.nace_79_90","[79.90Z] Autres services de réservation et activités connexes"
"naf_80_10Z","l10n_eu_nace.nace_80_10","[80.10Z] Activités de sécurité privée"
"naf_80_20Z","l10n_eu_nace.nace_80_20","[80.20Z] Activités liées aux systèmes de sécurité"
"naf_80_30Z","l10n_eu_nace.nace_80_30","[80.30Z] Activités d'enquête"
"naf_81_10Z","l10n_eu_nace.nace_81_10","[81.10Z] Activités combinées de soutien lié aux bâtiments"
"naf_81_21Z","l10n_eu_nace.nace_81_21","[81.21Z] Nettoyage courant des bâtiments"
"naf_81_22Z","l10n_eu_nace.nace_81_22","[81.22Z] Autres activités de nettoyage des bâtiments et nettoyage industriel"
"naf_81_29A","l10n_eu_nace.nace_81_29","[81.29A] Désinfection, désinsectisation, dératisation"
"naf_81_29B","l10n_eu_nace.nace_81_29","[81.29B] Autres activités de nettoyage n.c.a."
"naf_81_30Z","l10n_eu_nace.nace_81_30","[81.30Z] Services d'aménagement paysager"
"naf_82_11Z","l10n_eu_nace.nace_82_11","[82.11Z] Services administratifs combinés de bureau"
"naf_82_19Z","l10n_eu_nace.nace_82_19","[82.19Z] Photocopie, préparation de documents et autres activités spécialisées de soutien de bureau"
"naf_82_20Z","l10n_eu_nace.nace_82_20","[82.20Z] Activités de centres d'appels"
"naf_82_30Z","l10n_eu_nace.nace_82_30","[82.30Z] Organisation de foires, salons professionnels et congrès"
"naf_82_91Z","l10n_eu_nace.nace_82_91","[82.91Z] Activités des agences de recouvrement de factures et des sociétés d'information financière sur la clientèle"
"naf_82_92Z","l10n_eu_nace.nace_82_92","[82.92Z] Activités de conditionnement"
"naf_82_99Z","l10n_eu_nace.nace_82_99","[82.99Z] Autres activités de soutien aux entreprises n.c.a."
"naf_84_11Z","l10n_eu_nace.nace_84_11","[84.11Z] Administration publique générale"
"naf_84_12Z","l10n_eu_nace.nace_84_12","[84.12Z] Administration publique (tutelle) de la santé, de la formation, de la culture et des services sociaux, autre que sécurité sociale"
"naf_84_13Z","l10n_eu_nace.nace_84_13","[84.13Z] Administration publique (tutelle) des activités économiques"
"naf_84_21Z","l10n_eu_nace.nace_84_21","[84.21Z] Affaires étrangères"
"naf_84_22Z","l10n_eu_nace.nace_84_22","[84.22Z] Défense"
"naf_84_23Z","l10n_eu_nace.nace_84_23","[84.23Z] Justice"
"naf_84_24Z","l10n_eu_nace.nace_84_24","[84.24Z] Activités d'ordre public et de sécurité"
"naf_84_25Z","l10n_eu_nace.nace_84_25","[84.25Z] Services du feu et de secours"
"naf_84_30A","l10n_eu_nace.nace_84_30","[84.30A] Activités générales de sécurité sociale"
"naf_84_30B","l10n_eu_nace.nace_84_30","[84.30B] Gestion des retraites complémentaires"
"naf_84_30C","l10n_eu_nace.nace_84_30","[84.30C] Distribution sociale de revenus"
"naf_85_10Z","l10n_eu_nace.nace_85_10","[85.10Z] Enseignement pré-primaire"
"naf_85_20Z","l10n_eu_nace.nace_85_20","[85.20Z] Enseignement primaire"
"naf_85_31Z","l10n_eu_nace.nace_85_31","[85.31Z] Enseignement secondaire général"
"naf_85_32Z","l10n_eu_nace.nace_85_32","[85.32Z] Enseignement secondaire technique ou professionnel"
"naf_85_41Z","l10n_eu_nace.nace_85_41","[85.41Z] Enseignement post-secondaire non supérieur"
"naf_85_42Z","l10n_eu_nace.nace_85_42","[85.42Z] Enseignement supérieur"
"naf_85_51Z","l10n_eu_nace.nace_85_51","[85.51Z] Enseignement de disciplines sportives et d'activités de loisirs"
"naf_85_52Z","l10n_eu_nace.nace_85_52","[85.52Z] Enseignement culturel"
"naf_85_53Z","l10n_eu_nace.nace_85_53","[85.53Z] Enseignement de la conduite"
"naf_85_59A","l10n_eu_nace.nace_85_59","[85.59A] Formation continue d'adultes"
"naf_85_59B","l10n_eu_nace.nace_85_59","[85.59B] Autres enseignements"
"naf_85_60Z","l10n_eu_nace.nace_85_60","[85.60Z] Activités de soutien à l'enseignement"
"naf_86_10Z","l10n_eu_nace.nace_86_10","[86.10Z] Activités hospitalières"
"naf_86_21Z","l10n_eu_nace.nace_86_21","[86.21Z] Activité des médecins généralistes"
"naf_86_22A","l10n_eu_nace.nace_86_22","[86.22A] Activités de radiodiagnostic et de radiothérapie"
"naf_86_22B","l10n_eu_nace.nace_86_22","[86.22B] Activités chirurgicales"
"naf_86_22C","l10n_eu_nace.nace_86_22","[86.22C] Autres activités des médecins spécialistes"
"naf_86_23Z","l10n_eu_nace.nace_86_23","[86.23Z] Pratique dentaire"
"naf_86_90A","l10n_eu_nace.nace_86_90","[86.90A] Ambulances"
"naf_86_90B","l10n_eu_nace.nace_86_90","[86.90B] Laboratoires d'analyses médicales"
"naf_86_90C","l10n_eu_nace.nace_86_90","[86.90C] Centres de collecte et banques d'organes"
"naf_86_90D","l10n_eu_nace.nace_86_90","[86.90D] Activités des infirmiers et des sages-femmes"
"naf_86_90E","l10n_eu_nace.nace_86_90","[86.90E] Activités des professionnels de la rééducation, de l'appareillage et des pédicures-podologues"
"naf_86_90F","l10n_eu_nace.nace_86_90","[86.90F] Activités de santé humaine non classées ailleurs"
"naf_87_10A","l10n_eu_nace.nace_87_10","[87.10A] Hébergement médicalisé pour personnes âgées"
"naf_87_10B","l10n_eu_nace.nace_87_10","[87.10B] Hébergement médicalisé pour enfants handicapés"
"naf_87_10C","l10n_eu_nace.nace_87_10","[87.10C] Hébergement médicalisé pour adultes handicapés et autre hébergement médicalisé"
"naf_87_20A","l10n_eu_nace.nace_87_20","[87.20A] Hébergement social pour handicapés mentaux et malades mentaux"
"naf_87_20B","l10n_eu_nace.nace_87_20","[87.20B] Hébergement social pour toxicomanes"
"naf_87_30A","l10n_eu_nace.nace_87_30","[87.30A] Hébergement social pour personnes âgées"
"naf_87_30B","l10n_eu_nace.nace_87_30","[87.30B] Hébergement social pour handicapés physiques"
"naf_87_90A","l10n_eu_nace.nace_87_90","[87.90A] Hébergement social pour enfants en difficultés"
"naf_87_90B","l10n_eu_nace.nace_87_90","[87.90B] Hébergement social pour adultes et familles en difficultés et autre hébergement social"
"naf_88_10A","l10n_eu_nace.nace_88_10","[88.10A] Aide à domicile"
"naf_88_10B","l10n_eu_nace.nace_88_10","[88.10B] Accueil ou accompagnement sans hébergement d'adultes handicapés ou de personnes âgées"
"naf_88_10C","l10n_eu_nace.nace_88_10","[88.10C] Aide par le travail"
"naf_88_91A","l10n_eu_nace.nace_88_91","[88.91A] Accueil de jeunes enfants"
"naf_88_91B","l10n_eu_nace.nace_88_91","[88.91B] Accueil ou accompagnement sans hébergement d'enfants handicapés"
"naf_88_99A","l10n_eu_nace.nace_88_99","[88.99A] Autre accueil ou accompagnement sans hébergement d'enfants et d'adolescents"
"naf_88_99B","l10n_eu_nace.nace_88_99","[88.99B] Action sociale sans hébergement n.c.a."
"naf_90_01Z","l10n_eu_nace.nace_90_01","[90.01Z] Arts du spectacle vivant"
"naf_90_02Z","l10n_eu_nace.nace_90_02","[90.02Z] Activités de soutien au spectacle vivant"
"naf_90_03A","l10n_eu_nace.nace_90_03","[90.03A] Création artistique relevant des arts plastiques"
"naf_90_03B","l10n_eu_nace.nace_90_03","[90.03B] Autre création artistique"
"naf_90_04Z","l10n_eu_nace.nace_90_04","[90.04Z] Gestion de salles de spectacles"
"naf_91_01Z","l10n_eu_nace.nace_91_01","[91.01Z] Gestion des bibliothèques et des archives"
"naf_91_02Z","l10n_eu_nace.nace_91_02","[91.02Z] Gestion des musées"
"naf_91_03Z","l10n_eu_nace.nace_91_03","[91.03Z] Gestion des sites et monuments historiques et des attractions touristiques similaires"
"naf_91_04Z","l10n_eu_nace.nace_91_04","[91.04Z] Gestion des jardins botaniques et zoologiques et des réserves naturelles"
"naf_92_00Z","l10n_eu_nace.nace_92_00","[92.00Z] Organisation de jeux de hasard et d'argent"
"naf_93_11Z","l10n_eu_nace.nace_93_11","[93.11Z] Gestion d'installations sportives"
"naf_93_12Z","l10n_eu_nace.nace_93_12","[93.12Z] Activités de clubs de sports"
"naf_93_13Z","l10n_eu_nace.nace_93_13","[93.13Z] Activités des centres de culture physique"
"naf_93_19Z","l10n_eu_nace.nace_93_19","[93.19Z] Autres activités liées au sport"
"naf_93_21Z","l10n_eu_nace.nace_93_21","[93.21Z] Activités des parcs d'attractions et parcs à thèmes"
"naf_93_29Z","l10n_eu_nace.nace_93_29","[93.29Z] Autres activités récréatives et de loisirs"
"naf_94_11Z","l10n_eu_nace.nace_94_11","[94.11Z] Activités des organisations patronales et consulaires"
"naf_94_12Z","l10n_eu_nace.nace_94_12","[94.12Z] Activités des organisations professionnelles"
"naf_94_20Z","l10n_eu_nace.nace_94_20","[94.20Z] Activités des syndicats de salariés"
"naf_94_91Z","l10n_eu_nace.nace_94_91","[94.91Z] Activités des organisations religieuses"
"naf_94_92Z","l10n_eu_nace.nace_94_92","[94.92Z] Activités des organisations politiques"
"naf_94_99Z","l10n_eu_nace.nace_94_99","[94.99Z] Autres organisations fonctionnant par adhésion volontaire"
"naf_95_11Z","l10n_eu_nace.nace_95_11","[95.11Z] Réparation d'ordinateurs et d'équipements périphériques"
"naf_95_12Z","l10n_eu_nace.nace_95_12","[95.12Z] Réparation d'équipements de communication"
"naf_95_21Z","l10n_eu_nace.nace_95_21","[95.21Z] Réparation de produits électroniques grand public"
"naf_95_22Z","l10n_eu_nace.nace_95_22","[95.22Z] Réparation d'appareils électroménagers et d'équipements pour la maison et le jardin"
"naf_95_23Z","l10n_eu_nace.nace_95_23","[95.23Z] Réparation de chaussures et d'articles en cuir"
"naf_95_24Z","l10n_eu_nace.nace_95_24","[95.24Z] Réparation de meubles et d'équipements du foyer"
"naf_95_25Z","l10n_eu_nace.nace_95_25","[95.25Z] Réparation d'articles d'horlogerie et de bijouterie"
"naf_95_29Z","l10n_eu_nace.nace_95_29","[95.29Z] Réparation d'autres biens personnels et domestiques"
"naf_96_01A","l10n_eu_nace.nace_96_01","[96.01A] Blanchisserie-teinturerie de gros"
"naf_96_01B","l10n_eu_nace.nace_96_01","[96.01B] Blanchisserie-teinturerie de détail"
"naf_96_02A","l10n_eu_nace.nace_96_02","[96.02A] Coiffure"
"naf_96_02B","l10n_eu_nace.nace_96_02","[96.02B] Soins de beauté"
"naf_96_03Z","l10n_eu_nace.nace_96_03","[96.03Z] Services funéraires"
"naf_96_04Z","l10n_eu_nace.nace_96_04","[96.04Z] Entretien corporel"
"naf_96_09Z","l10n_eu_nace.nace_96_09","[96.09Z] Autres services personnels n.c.a."
"naf_97_00Z","l10n_eu_nace.nace_97_00","[97.00Z] Activités des ménages en tant qu'employeurs de personnel domestique"
"naf_98_10Z","l10n_eu_nace.nace_98_10","[98.10Z] Activités indifférenciées des ménages en tant que producteurs de biens pour usage propre"
"naf_98_20Z","l10n_eu_nace.nace_98_20","[98.20Z] Activités indifférenciées des ménages en tant que producteurs de services pour usage propre"
"naf_99_00Z","l10n_eu_nace.nace_99_00","[99.00Z] Activités des organisations et organismes extraterritoriaux"
